CHR,SNP,BP,FREQ_AD,FREQ_CON,NMISS,OR_logis,L95,U95,P_logis
4,rs34058821,7666160,0.04329,0.05684,3900,0.7246,0.5656,0.9283,0.01081
4,rs35935435,7666180,0.01941,0.01637,8678,1.084,0.8145,1.443,0.5798
4,rs16840892,7716061,0.01135,0.009921,5895,1.178,0.7644,1.816,0.4576
4,rs6816604,7716932,0.05452,0.05785,8707,0.8011,0.6815,0.9416,0.007138
